,City,Latitude,Longitude,Max Temperature,Humidity,Cloudiness,Wind Speed,Country,Date
0,nyurba,63.2842,118.3319,25.65,81,93,11.56,RU,1651418227
1,upernavik,72.7868,-56.1549,12.47,62,86,4.43,GL,1651418228
2,chipinge,-20.1883,32.6236,60.76,81,41,5.59,ZW,1651418228
3,airai,-8.9266,125.4092,59.43,87,75,3.24,TL,1651418229
4,dikson,73.5069,80.5464,8.73,97,35,9.86,RU,1651417736
5,georgetown,5.4112,100.3354,84.13,84,20,2.3,MY,1651417647
6,hobart,-42.8794,147.3294,58.77,77,100,5.75,AU,1651417644
7,mana,5.6592,-53.7767,83.64,68,32,12.95,GF,1651418230
8,svetlyy,54.675,20.1347,51.85,69,100,8.88,RU,1651418230
9,port elizabeth,-33.918,25.5701,67.32,76,8,8.99,ZA,1651417639
10,beira,-19.8436,34.8389,73.83,78,25,6.91,MZ,1651418231
11,chokurdakh,70.6333,147.9167,20.3,91,59,8.1,RU,1651417682
12,cidreira,-30.1811,-50.2056,64.09,88,100,6.8,BR,1651417702
13,tuktoyaktuk,69.4541,-133.0374,25.52,94,100,10.69,CA,1651417639
14,hermanus,-34.4187,19.2345,69.8,74,0,11.21,ZA,1651417643
15,ushuaia,-54.8,-68.3,47.86,66,75,5.75,AR,1651417952
16,caramay,10.1815,119.236,80.02,84,100,1.66,PH,1651418232
17,bambanglipuro,-7.95,110.2833,78.22,89,98,4.03,ID,1651418232
18,clyde river,70.4692,-68.5914,14.23,79,100,17.27,CA,1651417806
19,new norfolk,-42.7826,147.0587,56.46,77,100,3.0,AU,1651417683
20,saint-philippe,-21.3585,55.7679,78.75,83,49,5.5,RE,1651417683
21,pisco,-13.7,-76.2167,66.25,77,0,6.91,PE,1651418233
22,vaini,-21.2,-175.2,78.96,94,75,4.61,TO,1651418234
23,thompson,55.7435,-97.8558,22.77,92,100,11.68,CA,1651417647
24,jamestown,42.097,-79.2353,49.23,79,100,10.0,US,1651417456
25,mataura,-46.1927,168.8643,52.48,99,29,2.37,NZ,1651417652
26,ribeira grande,38.5167,-28.7,64.8,82,20,4.61,PT,1651417750
27,okara,30.8081,73.4458,98.92,11,0,7.36,PK,1651418235
28,pevek,69.7008,170.3133,-3.3,95,45,6.6,RU,1651417673
29,khatanga,71.9667,102.5,16.7,95,99,9.6,RU,1651417661
30,tongren,27.7172,109.1853,58.44,85,98,1.72,CN,1651418235
31,katsuura,35.1333,140.3,54.77,89,100,19.98,JP,1651418236
32,arraial do cabo,-22.9661,-42.0278,84.06,61,0,11.5,BR,1651417657
33,barrow,71.2906,-156.7887,21.22,86,100,13.8,US,1651418237
34,atuona,-9.8,-139.0333,78.94,72,31,12.19,PF,1651417559
35,kataysk,56.289,62.5841,49.87,48,94,12.39,RU,1651418237
36,morro bay,35.3658,-120.8499,53.24,78,7,6.42,US,1651418238
37,diamantino,-14.4086,-56.4461,89.35,36,7,5.41,BR,1651418238
38,luderitz,-26.6481,15.1594,72.77,39,0,10.83,NA,1651418239
39,vao,-22.6667,167.4833,75.24,83,11,20.94,NC,1651418240
40,cape town,-33.9258,18.4232,65.98,67,0,15.99,ZA,1651417599
41,mount gambier,-37.8333,140.7667,57.11,100,100,10.36,AU,1651417686
42,toamasina,-18.1667,49.3833,80.6,78,40,6.91,MG,1651418241
43,east london,-33.0153,27.9116,68.31,62,6,13.65,ZA,1651417694
44,rocha,-34.4833,-54.3333,62.06,55,4,11.77,UY,1651417647
45,san cristobal,7.7669,-72.225,80.78,60,99,6.55,VE,1651417728
46,dire dawa,9.5931,41.8661,76.06,56,100,8.23,ET,1651418242
47,rikitea,-23.1203,-134.9692,76.26,73,35,7.4,PF,1651418243
48,avarua,-21.2078,-159.775,73.45,100,100,1.14,CK,1651417678
49,mar del plata,-38.0023,-57.5575,54.88,72,75,14.0,AR,1651417559
50,saint george,37.1041,-113.5841,63.84,23,0,1.99,US,1651417497
51,mahebourg,-20.4081,57.7,77.29,88,40,3.44,MU,1651418243
52,palana,59.1167,159.9667,25.14,92,11,2.62,RU,1651418244
53,samandag,36.0842,35.9771,72.12,89,92,11.92,TR,1651418244
54,beloha,-25.1667,45.05,70.12,77,15,8.01,MG,1651418245
55,punta arenas,-53.15,-70.9167,44.71,87,0,12.66,CL,1651418245
56,port alfred,-33.5906,26.891,66.18,77,5,3.0,ZA,1651418246
57,bubaque,11.2833,-15.8333,78.49,69,8,9.57,GW,1651417861
58,touros,-5.1989,-35.4608,86.25,64,74,17.76,BR,1651418246
59,hopatcong,40.9329,-74.6593,61.57,36,90,3.0,US,1651418247
60,padang,-0.9492,100.3543,75.25,88,97,2.77,ID,1651417717
61,kapaa,22.0752,-159.319,70.56,89,75,19.57,US,1651418247
62,kamojima,34.0667,134.35,55.22,79,100,5.41,JP,1651418248
63,gimbi,9.1667,35.8333,78.67,25,49,5.59,ET,1651418249
64,stonewall,50.1344,-97.3268,35.78,97,100,16.98,CA,1651418249
65,khandyga,62.6667,135.6,30.87,94,100,5.01,RU,1651417790
66,chuy,-33.6971,-53.4616,63.77,56,6,10.38,UY,1651418250
67,ostersund,63.1792,14.6357,45.05,61,40,6.91,SE,1651418250
68,leningradskiy,69.3833,178.4167,0.95,89,99,5.75,RU,1651417765
69,saskylakh,71.9167,114.0833,4.57,99,51,5.26,RU,1651417669
70,nikolskoye,59.7035,30.7861,48.88,51,58,7.78,RU,1651417679
71,sabha,27.0377,14.4283,90.75,11,6,27.98,LY,1651418251
72,los alamos,35.8881,-106.307,57.92,17,0,6.91,US,1651418252
73,launceston,-41.45,147.1667,56.7,92,98,12.66,AU,1651417757
74,kaitangata,-46.2817,169.8464,50.22,96,27,3.56,NZ,1651417811
75,hilo,19.7297,-155.09,71.69,94,75,8.99,US,1651418248
76,bongandanga,1.5,21.05,88.21,48,100,3.18,CD,1651418253
77,sitka,57.0531,-135.33,49.89,57,100,17.27,US,1651417875
78,nome,64.5011,-165.4064,37.47,70,0,17.27,US,1651417729
79,butaritari,3.0707,172.7902,80.55,80,99,10.96,KI,1651418253
80,asau,46.4333,26.4,63.52,59,89,6.11,RO,1651417711
81,tuatapere,-46.1333,167.6833,48.51,93,21,4.99,NZ,1651417808
82,hailar,49.2,119.7,41.81,34,19,8.03,CN,1651418254
83,hualmay,-11.0964,-77.6139,68.61,78,21,5.35,PE,1651417807
84,campbell river,50.0163,-125.2446,39.63,100,75,2.3,CA,1651417753
85,jalu,29.0331,21.5482,100.42,10,100,20.2,LY,1651418255
86,puerto ayora,-0.7393,-90.3518,76.96,85,83,7.09,EC,1651418255
87,salalah,17.0151,54.0924,85.28,72,6,5.66,OM,1651417785
88,tortoli,39.9256,9.6572,62.42,72,40,5.75,IT,1651418256
89,svetlogorsk,52.6333,29.7333,53.8,68,92,5.21,BY,1651417700
90,key largo,25.0865,-80.4473,80.15,61,11,13.58,US,1651418078
91,ust-kuyga,70.0167,135.6,20.7,92,76,5.68,RU,1651418257
92,westport,41.1415,-73.3579,61.43,44,0,8.05,US,1651417798
93,longyearbyen,78.2186,15.6401,15.64,57,0,8.05,SJ,1651418257
94,dryden,49.7833,-92.7503,35.89,100,100,9.22,CA,1651417802
95,qaanaaq,77.484,-69.3632,11.07,65,20,6.89,GL,1651418258
96,ponta do sol,32.6667,-17.1,72.12,60,0,0.89,PT,1651417698
97,labuhan,-6.8844,112.2051,80.65,87,98,10.16,ID,1651417676
98,bluff,-46.6,168.3333,52.81,93,19,8.03,NZ,1651418259
99,gisborne,-38.6533,178.0042,53.02,90,12,6.73,NZ,1651418259
100,batagay,67.6333,134.6333,25.56,85,74,6.6,RU,1651418260
101,saint-louis,16.3333,-15.0,104.83,7,10,6.35,SN,1651418260
102,gorontalo,0.5412,123.0595,76.44,95,79,2.28,ID,1651418261
103,ancud,-41.8697,-73.8203,54.03,84,92,1.05,CL,1651417696
104,kieta,-6.2167,155.6333,78.82,84,100,2.84,PG,1651417697
105,busselton,-33.65,115.3333,57.47,84,1,3.51,AU,1651418261
106,pringsewu,-5.3582,104.9744,75.94,94,100,5.08,ID,1651417864
107,chenzhou,25.8,113.0333,55.4,98,100,2.3,CN,1651418262
108,yakeshi,49.2833,120.7333,39.61,33,26,4.79,CN,1651418262
109,buraydah,26.326,43.975,93.65,10,0,15.41,SA,1651418263
110,provideniya,64.3833,-173.3,23.9,79,89,11.25,RU,1651418263
111,kavaratti,10.5669,72.642,85.12,71,25,10.76,IN,1651417793
112,kodiak,57.79,-152.4072,38.71,87,100,19.57,US,1651418264
113,tasiilaq,65.6145,-37.6368,37.56,68,98,8.39,GL,1651418264
114,adre,13.4667,22.2,102.27,6,100,0.67,TD,1651418265
115,hecun,36.5333,114.1111,65.12,22,52,5.57,CN,1651418265
116,san vicente,-26.6167,-54.1333,69.13,85,95,3.29,AR,1651418266
117,port-cartier,50.0334,-66.8654,46.62,76,54,8.95,CA,1651418266
118,hamilton,39.1834,-84.5333,69.58,72,75,12.66,US,1651418146
119,rio grande,-32.035,-52.0986,66.94,66,42,6.22,BR,1651418267
120,port hedland,-20.3167,118.5667,78.85,57,89,8.05,AU,1651417704
121,lata,40.1629,-8.3327,64.08,51,9,12.46,PT,1651418267
122,ossipee,43.6854,-71.1167,60.12,40,1,3.0,US,1651418268
123,litovko,49.2361,135.1742,35.31,77,10,4.41,RU,1651418268
124,yellowknife,62.456,-114.3525,34.32,60,0,9.22,CA,1651418269
125,roncesvalles,4.0108,-75.6049,63.48,63,96,5.46,CO,1651418270
126,gotsu,35.0,132.2167,48.99,60,93,4.94,JP,1651418270
127,hofn,64.2539,-15.2082,48.22,71,75,9.22,IS,1651417734
128,bose,45.4612,8.0137,68.45,43,4,5.19,IT,1651417876
129,hokitika,-42.7167,170.9667,59.56,90,100,0.74,NZ,1651418271
130,graham,47.0529,-122.2943,48.25,88,100,4.61,US,1651418272
131,los llanos de aridane,28.6585,-17.9182,69.12,73,20,11.5,ES,1651418272
132,ola,59.5833,151.2833,31.68,80,8,2.53,RU,1651418273
133,karachi,24.9056,67.0822,89.42,43,74,9.22,PK,1651418173
134,dongying,37.4564,118.4856,62.85,28,73,6.55,CN,1651418273
135,severo-kurilsk,50.6789,156.125,33.73,87,75,10.13,RU,1651418274
136,nanortalik,60.1432,-45.2371,38.17,86,99,9.17,GL,1651417755
137,ostrovnoy,68.0531,39.5131,28.87,79,91,15.88,RU,1651418274
138,cape canaveral,28.4058,-80.6048,79.77,67,75,10.36,US,1651418131
139,aklavik,68.2191,-135.0107,35.6,69,20,8.05,CA,1651418275
140,viedma,-40.8135,-62.9967,56.53,54,78,6.13,AR,1651418275
141,sabang,5.8933,95.3214,84.6,74,100,22.64,ID,1651418276
142,riviere-au-renard,48.9957,-64.3971,35.89,98,100,17.36,CA,1651418276
143,wichian buri,15.6578,101.106,84.96,58,93,5.64,TH,1651418277
144,marzuq,14.4,46.4667,84.02,38,62,8.81,YE,1651417779
145,bethel,41.3712,-73.414,61.92,40,0,3.44,US,1651417701
146,ilulissat,69.2167,-51.1,24.82,42,0,3.44,GL,1651418277
147,savannah bight,16.45,-85.85,81.66,76,95,18.63,HN,1651418278
148,dabrowa tarnowska,50.1746,20.9863,66.9,52,83,2.17,PL,1651418278
149,ciudad bolivar,8.1222,-63.5497,90.34,38,8,11.61,VE,1651417725
150,norman wells,65.282,-126.8329,38.57,83,13,9.86,CA,1651417723
151,petropavlovsk-kamchatskiy,53.0452,158.6483,34.39,75,75,6.71,RU,1651417797
152,vardo,70.3705,31.1107,29.37,60,98,6.24,NO,1651417821
153,hondo,32.45,130.2,58.78,56,100,7.52,JP,1651418279
154,beringovskiy,63.05,179.3167,14.25,94,99,12.55,RU,1651417735
155,auki,-8.7676,160.7034,77.4,89,100,5.06,SB,1651418281
156,kikwit,-5.041,18.8162,79.23,80,75,4.45,CD,1651418281
157,sexsmith,55.35,-118.786,40.35,93,100,3.44,CA,1651418282
158,houston,29.7633,-95.3633,81.05,74,20,5.75,US,1651418012
159,sitarganj,28.9333,79.7,89.42,24,0,9.48,IN,1651418282
160,calamar,10.2511,-74.9146,84.29,73,100,6.67,CO,1651418283
161,mezhova,48.2532,36.7347,57.15,48,62,9.13,UA,1651418283
162,burnie,-41.0667,145.9167,56.95,92,86,11.63,AU,1651418284
163,margate,51.3813,1.3862,55.69,65,100,1.01,GB,1651417539
164,nerchinskiy zavod,51.3088,119.61,41.59,45,93,7.83,RU,1651418285
165,coquimbo,-29.9533,-71.3436,55.13,94,100,12.66,CL,1651417819
166,albany,42.6001,-73.9662,59.45,35,3,1.01,US,1651418285
167,paamiut,61.994,-49.6678,34.32,91,82,4.81,GL,1651418286
168,kathmandu,27.7167,85.3167,71.82,73,20,5.75,NP,1651418286
169,ust-ishim,57.6935,71.1665,37.13,58,95,3.0,RU,1651418287
170,husavik,66.0449,-17.3389,29.37,76,100,14.58,IS,1651417781
171,bambous virieux,-20.3428,57.7575,77.25,88,40,3.44,MU,1651418287
172,lompoc,34.6391,-120.4579,51.15,84,20,20.0,US,1651418288
173,abu dhabi,24.4667,54.3667,83.57,57,0,8.05,AE,1651418268
174,sao joao da barra,-21.6403,-41.0511,82.49,66,0,10.18,BR,1651418289
175,rochester,43.1548,-77.6156,60.82,33,40,16.11,US,1651417716
176,soria,41.6667,-2.6667,66.11,44,71,8.86,ES,1651418289
177,souillac,-20.5167,57.5167,77.38,88,40,3.44,MU,1651418290
178,haines junction,60.7522,-137.5108,27.82,93,100,1.95,CA,1651417712
179,itoman,26.1247,127.6694,67.84,86,100,11.5,JP,1651418290
180,quatre cocos,-20.2078,57.7625,76.08,84,17,6.29,MU,1651417809
181,victoria,22.2855,114.1577,64.13,93,100,5.99,HK,1651418227
182,kudahuvadhoo,2.6708,72.8944,86.13,74,96,17.36,MV,1651418291
183,faanui,-16.4833,-151.75,80.47,74,25,10.47,PF,1651418292
184,sao filipe,14.8961,-24.4956,74.88,69,0,9.93,CV,1651418292
185,gat,31.61,34.7642,71.31,5,3,11.3,IL,1651418293
186,maceio,-9.6658,-35.7353,83.64,65,75,12.66,BR,1651418293
187,porto novo,6.4965,2.6036,87.62,60,99,10.67,BJ,1651418294
188,borogontsy,62.6683,131.1683,30.81,91,84,7.78,RU,1651417727
189,kalianget,-7.05,113.9333,83.5,79,90,14.0,ID,1651418294
190,kasongo-lunda,-6.4667,16.8167,80.94,76,99,2.68,CD,1651418295
191,elizabeth city,36.2946,-76.2511,68.52,71,0,9.22,US,1651418285
192,todos santos,23.45,-110.2167,66.74,61,66,5.88,MX,1651418281
193,dubai,25.2582,55.3047,86.0,48,0,12.66,AE,1651418152
194,yerbogachen,61.2767,108.0108,24.98,88,93,5.37,RU,1651418296
195,perigueux,45.1833,0.7167,70.07,41,100,8.48,FR,1651418296
196,somerset,40.5668,-74.5496,64.92,33,0,3.0,US,1651418296
197,alvaraes,-3.2208,-64.8042,84.07,73,78,2.62,BR,1651418297
198,nhulunbuy,-12.2333,136.7667,81.21,69,40,12.66,AU,1651417859
199,vredendal,-31.6683,18.5012,84.9,14,0,7.11,ZA,1651418297
200,deputatskiy,69.3,139.9,19.17,84,84,4.41,RU,1651418298
201,sakakah,29.9697,40.2064,85.57,17,0,18.01,SA,1651418298
202,san carlos de bariloche,-41.1456,-71.3082,40.75,87,100,2.3,AR,1651417999
203,seminole,28.7086,-81.2081,81.19,68,75,5.75,US,1651418299
204,rabo de peixe,37.8,-25.5833,63.91,77,75,5.75,PT,1651418300
205,kahului,20.8947,-156.47,72.41,87,100,8.01,US,1651418300
206,ronnenberg,52.3194,9.6554,58.86,47,0,6.91,DE,1651418301
207,berlevag,70.8578,29.0864,28.2,66,100,4.68,NO,1651418301
208,fare,-16.7,-151.0167,80.04,74,38,9.91,PF,1651417709
209,carnarvon,-24.8667,113.6333,69.87,73,0,11.5,AU,1651418302
210,namibe,-15.1961,12.1522,78.03,71,11,15.77,AO,1651418302
211,iqaluit,63.7506,-68.5145,20.7,85,75,2.3,CA,1651418303
212,marquette,46.5333,-87.6335,42.33,91,100,9.35,US,1651418303
213,moree,-29.4667,149.85,53.62,87,0,6.91,AU,1651418304
214,hudson bay,52.85,-102.3842,37.87,95,100,6.17,CA,1651418304
215,esperance,-33.8667,121.9,57.04,69,0,5.73,AU,1651418305
216,yerazgavors,40.7,43.75,54.37,71,75,13.8,AM,1651418305
217,hashtrud,37.4779,47.0508,50.97,80,100,16.58,IR,1651418306
218,bosansko grahovo,44.1794,16.3639,55.78,68,100,2.77,BA,1651418307
219,lewiston,44.1003,-70.2148,58.89,42,20,5.75,US,1651418307
220,bay city,43.5945,-83.8889,52.52,88,100,8.05,US,1651418308
221,hambantota,6.1241,81.1185,82.49,78,99,16.73,LK,1651417825
222,bow island,49.8668,-111.3684,54.39,43,100,16.11,CA,1651418308
223,umm lajj,25.0213,37.2685,80.22,55,0,13.73,SA,1651417716
224,jacmel,18.2342,-72.5347,82.24,82,99,2.24,HT,1651418309
225,hot springs,34.5037,-93.0552,69.69,60,0,3.44,US,1651418309
226,amapa,1.0,-52.0,82.09,73,55,3.44,BR,1651418310
227,wuchi,29.3786,103.023,40.5,79,99,1.36,CN,1651418310
228,ambilobe,-13.2,49.05,77.25,87,43,1.79,MG,1651417721
229,lakeway,30.3638,-97.9796,73.24,86,100,6.91,US,1651418265
230,zhangjiakou,40.81,114.8794,56.05,41,97,3.67,CN,1651418311
231,ouallam,14.3188,2.0866,107.2,6,46,5.44,NE,1651418311
232,gamba,-2.65,10.0,81.57,75,88,10.0,GA,1651418312
233,goderich,43.7501,-81.7165,53.92,71,100,16.11,CA,1651418158
234,raudeberg,61.9875,5.1352,47.07,81,99,13.06,NO,1651418312
235,pangai,-19.8,-174.35,81.1,85,100,12.46,TO,1651418313
236,hithadhoo,-0.6,73.0833,85.84,70,68,15.7,MV,1651418313
237,balykshi,47.0667,51.8667,66.2,34,0,22.37,KZ,1651418314
238,mount lebanon,40.3554,-80.0495,57.74,93,100,6.91,US,1651418314
239,bredasdorp,-34.5322,20.0403,64.71,67,0,9.75,ZA,1651418314
240,saint-augustin,51.226,-58.6502,37.47,83,100,23.09,CA,1651418315
241,goundam,16.4145,-3.6708,104.27,7,54,6.53,ML,1651418315
242,luanda,-8.8368,13.2343,84.2,74,20,8.05,AO,1651417698
243,pedernales,18.0384,-71.744,77.14,84,100,4.5,DO,1651418316
244,reconquista,-29.15,-59.65,59.07,81,100,5.84,AR,1651418316
245,butajira,8.1167,38.3667,71.29,47,73,8.95,ET,1651418317
246,lazaro cardenas,17.9583,-102.2,81.34,44,9,0.51,MX,1651418317
247,russell,32.3502,-85.1999,70.48,83,100,0.0,US,1651417869
248,kiama,-34.6833,150.8667,55.18,90,11,4.97,AU,1651418318
249,ulladulla,-35.35,150.4667,54.5,76,14,4.47,AU,1651418318
250,rodrigues alves,-7.738,-72.6509,82.6,67,92,2.33,BR,1651418319
251,kirovskiy,45.0917,133.5136,40.21,93,100,1.45,RU,1651418319
252,chinsali,-10.5414,32.0816,68.27,75,91,8.99,ZM,1651418320
253,prince rupert,54.3161,-130.3201,47.12,84,100,7.81,CA,1651417671
254,ternate,0.8,127.4,81.93,74,90,2.37,ID,1651418320
255,lafiagi,8.8667,5.4167,105.39,25,77,1.92,NG,1651418321
256,honghu,29.8206,113.4621,59.52,68,100,6.17,CN,1651418321
257,mega,4.05,38.3,62.92,86,99,10.87,ET,1651418183
258,pangnirtung,66.1451,-65.7125,28.51,92,100,4.34,CA,1651417804
259,bulgan,48.8125,103.5347,56.26,25,74,2.28,MN,1651418322
260,kalmunai,7.4167,81.8167,83.37,77,99,7.67,LK,1651417852
261,lavrentiya,65.5833,-171.0,10.71,91,50,10.47,RU,1651418323
262,san patricio,28.017,-97.5169,82.49,68,53,13.8,US,1651418323
263,palu,-0.8917,119.8707,76.68,95,78,1.97,ID,1651418323
264,talnakh,69.4865,88.3972,18.21,87,100,7.74,RU,1651418324
265,jishou,28.3167,109.7167,59.47,80,100,1.7,CN,1651418324
266,twentynine palms,34.1356,-116.0542,69.44,26,0,2.75,US,1651418325
267,alice springs,-23.7,133.8833,58.55,67,40,6.91,AU,1651417658
268,castro,-24.7911,-50.0119,73.51,63,7,8.59,BR,1651418325
269,srednekolymsk,67.45,153.6833,27.43,96,100,2.8,RU,1651418326
270,kruisfontein,-34.0033,24.7314,65.88,69,4,7.67,ZA,1651418326
271,kyren,51.6828,102.1408,52.39,43,87,3.4,RU,1651418327
272,maungatapere,-35.75,174.2,52.81,98,87,1.1,NZ,1651418327
273,vanino,49.0869,140.2543,30.83,93,100,2.98,RU,1651418327
274,halifax,44.6453,-63.5724,46.54,67,75,18.41,CA,1651418152
275,hebi,35.8992,114.1925,65.8,20,22,8.84,CN,1651418328
276,narsaq,60.9167,-46.05,44.82,76,70,4.56,GL,1651418329
277,cabo san lucas,22.8909,-109.9124,74.07,42,20,0.0,MX,1651418329
278,kirakira,-10.4544,161.9205,79.41,83,100,4.76,SB,1651418330
279,la palma,33.8464,-118.0467,60.94,82,75,4.0,US,1651418330
280,tezu,27.9167,96.1667,72.91,74,96,3.94,IN,1651418331
281,soyo,-6.1349,12.3689,79.75,86,100,7.61,AO,1651418331
282,sandnessjoen,66.0217,12.6316,42.66,94,75,19.57,NO,1651418332
283,nador,35.174,-2.9287,73.65,40,0,4.61,MA,1651418332
284,salinopolis,-0.6136,-47.3561,81.25,79,67,4.92,BR,1651418333
285,biltine,14.5333,20.9167,107.49,7,62,6.26,TD,1651418333
286,broome,42.2506,-75.833,59.97,35,100,3.0,US,1651417775
287,erzin,36.9559,36.2,65.41,90,69,6.67,TR,1651418334
288,ibra,22.6906,58.5334,92.21,13,0,13.76,OM,1651418334
289,tiksi,71.6872,128.8694,17.19,90,90,14.7,RU,1651418335
290,varnavino,57.4035,45.0916,45.21,51,99,8.61,RU,1651418335
291,changying,52.8733,123.3213,33.69,48,98,5.3,CN,1651418336
292,fortuna,40.5982,-124.1573,50.07,88,0,6.91,US,1651418251
293,hinganghat,20.5667,78.8333,101.68,18,62,4.94,IN,1651418336
294,imbituba,-28.24,-48.6703,72.82,75,42,6.51,BR,1651418337
295,jacareacanga,-6.2222,-57.7528,86.45,64,6,3.22,BR,1651418337
296,saldanha,-33.0117,17.9442,61.92,79,0,17.87,ZA,1651417774
297,mikhaylovka,50.06,43.2379,53.78,42,10,9.42,RU,1651418338
298,teahupoo,-17.8333,-149.2667,71.56,75,48,7.43,PF,1651418338
299,ialibu,-6.2821,143.9935,57.13,99,76,1.03,PG,1651418339
300,mkushi,-13.6202,29.3939,67.8,61,0,7.65,ZM,1651418340
301,oranjestad,12.524,-70.027,80.4,88,100,23.09,AW,1651418340
302,sinjar,36.3209,41.8754,66.61,58,77,16.22,IQ,1651418341
303,comodoro rivadavia,-45.8667,-67.5,49.86,66,40,2.3,AR,1651418100
304,port lincoln,-34.7333,135.8667,59.58,89,0,8.97,AU,1651418261
305,dong xoai,11.5333,106.9167,75.81,95,100,4.14,VN,1651418341
306,christchurch,-43.5333,172.6333,60.73,77,75,1.14,NZ,1651418342
307,hasaki,35.7333,140.8333,52.2,86,100,25.28,JP,1651418342
308,feijo,-8.1642,-70.3536,82.58,65,79,1.77,BR,1651418343
309,adwa,14.1646,38.8955,79.5,28,14,16.84,ET,1651418343
310,muromtsevo,56.3724,75.2418,39.25,83,100,9.98,RU,1651418344
311,buchanan,5.8808,-10.0467,84.42,72,100,6.53,LR,1651417795
312,vanavara,60.34,102.2797,25.68,88,49,3.49,RU,1651418344
313,taitung,22.7583,121.1444,70.45,87,100,16.64,TW,1651418345
314,aloleng,16.1307,119.7824,81.97,78,100,5.14,PH,1651418345
315,skjervoy,70.0311,20.9714,39.2,68,100,9.17,NO,1651418346
316,moron,-34.6534,-58.6198,61.9,47,0,6.08,AR,1651417871
317,pangoa,-12.1167,-73.0,77.58,67,77,0.45,PE,1651418346
318,constitucion,-35.3333,-72.4167,57.16,57,0,7.78,CL,1651418347
319,kintampo,8.0563,-1.7306,99.64,28,91,5.75,GH,1651418347
320,liverpool,53.4106,-2.9779,56.01,80,75,3.44,GB,1651417982
321,odawara,35.2556,139.1597,52.7,86,100,8.63,JP,1651418348
322,klaksvik,62.2266,-6.589,49.12,78,66,17.49,FO,1651418348
323,adrar,20.5022,-10.0711,97.03,6,0,4.25,MR,1651417758
324,panaba,21.2833,-88.2667,85.8,53,3,10.4,MX,1651418349
325,kapoeta,4.7717,33.5903,87.85,44,55,13.31,SS,1651418349
326,taupo,-38.6833,176.0833,50.04,93,66,1.05,NZ,1651418350
327,asosa,10.0667,34.5333,82.78,30,77,5.55,ET,1651418350
328,saint-nazaire,47.2833,-2.2,66.18,37,0,5.75,FR,1651418351
329,takoradi,4.8845,-1.7554,85.51,69,100,9.37,GH,1651418351
330,byron bay,-28.65,153.6167,65.86,83,94,13.42,AU,1651418352
331,acaponeta,22.4964,-105.3594,81.81,30,93,2.01,MX,1651418353
332,thinadhoo,0.5333,72.9333,86.0,70,89,16.46,MV,1651418353
333,hwange,-18.3693,26.5019,83.7,26,34,3.87,ZW,1651418353
334,myanaung,18.2833,95.3167,88.99,53,2,5.3,MM,1651418354
335,dalby,-27.1833,151.2667,62.15,80,100,12.8,AU,1651418354
336,arjona,10.2544,-75.3439,83.46,68,100,2.91,CO,1651418355
337,komsomolskiy,40.4272,71.7189,81.32,28,100,2.3,UZ,1651418355
338,geraldton,-28.7667,114.6,59.41,77,0,9.22,AU,1651418356
339,fort-shevchenko,44.5086,50.263,61.18,59,2,16.26,KZ,1651418356
340,montevideo,-34.8335,-56.1674,59.0,62,0,13.8,UY,1651418357
341,olinda,-8.0089,-34.8553,80.33,78,40,17.27,BR,1651418239
342,joshimath,30.5667,79.5667,61.43,72,73,5.03,IN,1651417795
343,uruzgan,32.8333,66.0,81.37,13,99,9.04,AF,1651418358
344,mehamn,71.0357,27.8492,28.13,68,97,4.85,NO,1651418358
345,santa fe,-31.6333,-60.7,65.44,50,2,7.0,AR,1651418359
346,abalak,58.1286,68.5944,41.67,50,64,4.81,RU,1651418359
347,cherskiy,68.75,161.3,7.88,94,19,6.29,RU,1651418360
348,zonguldak,41.25,31.8333,52.74,81,99,3.58,TR,1651418360
349,nalut,30.3333,10.85,69.19,45,64,23.76,LY,1651418361
350,maku,39.2911,44.4521,52.25,86,100,6.85,IR,1651418361
351,paramonga,-10.6667,-77.8333,68.14,80,38,5.84,PE,1651418362
352,te anau,-45.4167,167.7167,47.77,92,23,2.48,NZ,1651418362
353,korla,41.7597,86.1469,66.42,20,97,6.4,CN,1651418363
354,san quintin,30.4833,-115.95,60.17,84,32,6.06,MX,1651418363
355,swinoujscie,53.9105,14.2471,53.74,58,40,6.91,PL,1651418364
356,biak,-0.9131,122.8766,77.31,86,88,5.84,ID,1651418364
357,asyut,27.181,31.1837,92.86,11,0,14.03,EG,1651418365
358,lakhdenpokhya,61.5198,30.1992,40.59,78,100,5.79,RU,1651418365
359,bonavista,48.6499,-53.1147,37.4,94,100,10.51,CA,1651418314
360,sinnamary,5.3833,-52.95,82.92,70,41,13.27,GF,1651417823
361,melfi,40.9965,15.6514,66.18,59,99,2.82,IT,1651418366
362,pak chong,14.708,101.4161,80.82,78,100,3.83,TH,1651418366
363,humaita,-7.5061,-63.0208,87.84,61,32,0.6,BR,1651418367
364,teguise,29.0605,-13.564,73.62,47,20,14.97,ES,1651418367
365,tual,-5.6667,132.75,84.13,73,92,10.54,ID,1651418368
366,mareeba,-17.0,145.4333,67.46,94,82,2.19,AU,1651418368
367,maldonado,-34.6667,-54.9167,61.99,52,4,12.95,UY,1651418369
368,trogir,43.5125,16.2517,66.25,59,20,8.05,HR,1651418369
369,vallenar,-28.5708,-70.7581,70.66,38,66,3.22,CL,1651418126
370,slave lake,55.2834,-114.769,35.58,93,100,4.61,CA,1651418369
371,el tocuyo,9.7873,-69.7937,85.91,50,88,9.86,VE,1651418370
372,mangrol,21.1167,70.1167,84.16,86,0,11.77,IN,1651418370
373,grindavik,63.8424,-22.4338,45.07,57,40,10.36,IS,1651417785
374,soubre,5.7856,-6.6083,92.97,46,100,3.0,CI,1651418371
375,hargeysa,9.56,44.065,80.02,49,98,7.78,SO,1651418371
376,ambon,-3.6954,128.1814,78.94,94,40,8.05,ID,1651418372
377,calderitas,18.55,-88.25,86.11,70,40,11.5,MX,1651418289
378,kavieng,-2.5744,150.7967,81.95,75,7,5.26,PG,1651418372
379,yulara,-25.2406,130.9889,60.64,67,100,6.91,AU,1651418373
380,sovetskiy,61.3614,63.5842,36.75,95,100,6.22,RU,1651418373
381,hami,42.8,93.45,66.34,11,4,1.66,CN,1651418374
382,ballina,-28.8667,153.5667,65.34,93,100,6.91,AU,1651418374
383,tirumullaivasal,11.2333,79.8333,86.99,72,59,14.05,IN,1651418356
384,marinette,45.1,-87.6307,48.27,100,100,10.36,US,1651418184
385,ferzikovo,54.5191,36.7567,52.65,56,98,9.26,RU,1651418375
386,olafsvik,64.8945,-23.7142,38.19,51,95,6.78,IS,1651418375
387,kupang,-10.1667,123.5833,79.77,81,71,9.51,ID,1651418376
388,cayenne,4.9333,-52.3333,85.08,25,75,18.41,GF,1651418286
389,dingle,10.9995,122.6711,78.21,80,97,5.75,PH,1651418377
390,gambela,8.25,34.5833,92.5,40,54,3.0,ET,1651418377
391,tara,56.8944,74.371,34.41,98,100,6.02,RU,1651418377
392,miramar,25.9873,-80.2323,80.37,69,75,13.8,US,1651418224
393,bandarbeyla,9.4942,50.8122,85.33,74,100,11.5,SO,1651418378
394,richards bay,-28.783,32.0377,67.44,72,0,6.89,ZA,1651418379
395,basco,20.4487,121.9702,79.9,79,100,22.01,PH,1651418379
396,sovetskaya gavan,48.9723,140.2878,31.62,93,100,4.81,RU,1651418379
397,rovaniemi,66.5,25.7167,40.41,48,75,10.36,FI,1651418380
398,dores do indaia,-19.4633,-45.6017,82.08,33,0,4.16,BR,1651418380
399,grafton,42.207,-71.6856,60.67,39,0,3.44,US,1651418381
400,mecca,21.4267,39.8261,93.6,36,0,15.32,SA,1651418381
401,avera,33.194,-82.5271,77.92,62,48,8.01,US,1651418382
402,muli,2.9167,73.5667,86.0,74,99,17.16,MV,1651418382
403,port blair,11.6667,92.75,80.64,89,20,2.3,IN,1651418383
404,barao de melgaco,-16.1944,-55.9675,94.3,29,0,4.36,BR,1651418383
405,tibati,6.4667,12.6333,88.93,39,94,6.96,CM,1651418383
406,dunedin,-45.8742,170.5036,57.79,91,43,1.01,NZ,1651417807
407,ziyang,29.2497,117.8547,56.16,94,100,1.07,CN,1651418384
408,uyuni,-20.4597,-66.825,55.72,14,0,10.78,BO,1651418384
409,saint anthony,45.0205,-93.218,44.58,92,100,14.97,US,1651418385
410,laguna,38.421,-121.4238,54.14,75,0,6.91,US,1651418246
411,lima duarte,-21.8425,-43.7931,81.5,49,4,6.2,BR,1651418386
412,lagos,6.5833,3.75,87.94,61,92,6.96,NG,1651417850
413,vanimo,-2.6741,141.3028,78.87,86,89,6.93,PG,1651417792
414,sainte-anne-des-monts,49.124,-66.4924,37.27,75,100,6.91,CA,1651418387
415,alofi,-19.0595,-169.9187,80.51,79,98,12.37,NU,1651417799
416,terrell,32.736,-96.2753,73.89,46,0,13.8,US,1651418387
417,ust-tsilma,65.441,52.1498,31.71,74,98,2.93,RU,1651418388
418,miandrivazo,-19.5167,45.4667,76.66,55,0,5.39,MG,1651418388
419,huayang,34.4155,109.9939,46.18,31,0,6.44,CN,1651418389
420,cradock,-32.1642,25.6192,69.24,33,3,3.44,ZA,1651418389
421,yaval,21.1667,75.7,100.67,17,87,16.06,IN,1651418389
422,mehran,33.1222,46.1646,89.04,17,6,15.7,IR,1651418390
423,puerto narino,-3.7703,-70.3831,82.42,73,77,3.18,CO,1651418129
424,isangel,-19.55,169.2667,78.64,89,100,2.55,VU,1651418390
425,ustyuzhna,58.8394,36.4321,44.96,62,99,7.96,RU,1651418391
426,pirogovo,56.7796,53.1495,40.64,42,78,8.93,RU,1651418391
427,copiapo,-27.3667,-70.3333,53.29,42,100,4.21,CL,1651418392
428,redmond,47.674,-122.1215,49.73,88,80,1.01,US,1651418376
429,tucuma,-0.1833,-50.05,76.71,93,95,5.37,BR,1651418392
430,ledyard,41.4398,-72.0142,60.96,38,0,10.36,US,1651418393
431,zhucheng,35.9947,119.3975,57.69,29,6,2.04,CN,1651418393
432,sault sainte marie,46.5168,-84.3333,45.45,67,100,14.97,CA,1651418252
433,iranduba,-3.2847,-60.1861,82.69,60,19,5.3,BR,1651418394
434,baltay,52.4652,46.6308,46.45,42,38,9.35,RU,1651418394
435,belaya gora,68.5333,146.4167,10.26,99,77,5.32,RU,1651418395
436,chicama,-7.8447,-79.1469,63.14,68,86,5.57,PE,1651418395
437,farafangana,-22.8167,47.8333,74.73,80,3,4.59,MG,1651418396
438,moses lake,47.1301,-119.2781,44.96,87,0,0.0,US,1651418140
439,bengkulu,-3.8004,102.2655,77.29,88,100,3.15,ID,1651418396
440,vila franca do campo,37.7167,-25.4333,64.81,64,5,1.61,PT,1651418397
441,huainan,32.6264,116.9969,57.34,57,76,9.06,CN,1651418397
442,lalibela,12.0333,39.0333,72.9,38,72,11.88,ET,1651418398
443,umm kaddadah,13.6017,26.6876,104.68,5,83,14.9,SD,1651418398
444,nelson bay,-32.7167,152.15,57.63,95,15,4.32,AU,1651418399
445,puerto vallarta,20.6204,-105.2307,73.31,73,0,5.75,MX,1651418399
446,heidelberg,-26.5048,28.3592,67.95,29,0,0.6,ZA,1651418400
447,naruja,41.9069,41.9542,52.12,97,100,5.12,GE,1651418400
448,esso,55.9333,158.7,17.69,96,55,4.92,RU,1651418401
449,tura,25.5198,90.2201,73.33,89,6,4.45,IN,1651418401
450,honiara,-9.4333,159.95,77.88,86,100,1.36,SB,1651418402
451,omboue,-1.5746,9.2618,81.7,76,81,9.28,GA,1651418402
452,stabat,3.761,98.4513,77.18,94,100,2.17,ID,1651418403
453,parry sound,45.3501,-80.033,59.05,25,99,14.18,CA,1651418135
454,dejen,10.1667,38.1333,76.69,25,59,7.56,ET,1651418404
455,tubmanburg,6.8708,-10.8172,85.35,69,97,6.15,LR,1651418404
456,soe,-9.8607,124.284,66.4,94,39,4.21,ID,1651418405
457,zambezi,-13.5432,23.1047,75.2,46,3,6.96,ZM,1651418405
458,paita,-5.0892,-81.1144,70.54,76,93,8.52,PE,1651418406
459,coari,-4.085,-63.1414,80.46,91,46,1.88,BR,1651418406
460,ahmadpur east,29.1431,71.2598,104.23,7,3,5.86,PK,1651418407
461,necochea,-38.5473,-58.7368,54.93,61,92,15.1,AR,1651418408
462,darhan,49.4867,105.9228,61.79,28,98,5.37,MN,1651418408
463,menzelinsk,55.7271,53.1026,42.35,40,82,11.7,RU,1651418409
464,lumsden,50.6501,-104.8678,49.69,68,60,6.02,CA,1651418410
465,sadon,42.8518,44.0037,49.82,99,100,3.2,RU,1651418410
466,abomsa,9.9833,39.9833,83.95,26,50,9.6,ET,1651418410
467,biskamzha,53.4497,89.5272,55.87,54,100,1.77,RU,1651418411
468,tessalit,20.1986,1.0114,94.51,8,1,16.28,ML,1651418412
469,iralaya,15.0,-83.2333,83.52,72,88,11.18,HN,1651418299
470,khandbari,27.3747,87.2039,69.08,70,76,2.66,NP,1651418412
471,natal,-5.795,-35.2094,80.82,94,75,10.36,BR,1651418336
472,jinka,5.65,36.65,68.04,83,99,2.46,ET,1651418413
473,caska,41.6506,21.6622,61.32,65,95,5.77,MK,1651418413
474,iracoubo,5.4802,-53.2011,82.67,71,50,13.27,GF,1651418414
475,seydi,39.4816,62.9137,89.49,16,83,21.56,TM,1651418414
476,qui nhon,13.7667,109.2333,77.61,95,100,4.45,VN,1651418285
477,garissa,-0.4536,39.6401,88.61,50,77,18.52,KE,1651418415
478,parole,38.9796,-76.5305,60.93,75,100,6.91,US,1651418415
479,marathon,44.9,-89.7668,47.03,91,100,10.36,US,1651418416
480,awbari,26.5921,12.7805,87.08,14,0,27.47,LY,1651418416
481,tateyama,34.9833,139.8667,60.1,86,100,18.86,JP,1651418417
482,lebu,-37.6167,-73.65,54.25,73,100,13.89,CL,1651418202
483,eyl,7.9803,49.8164,85.89,69,100,13.82,SO,1651418417
484,sidi ali,36.0998,0.4206,69.48,39,10,8.32,DZ,1651418418
485,marsa matruh,31.3525,27.2453,71.92,53,65,12.1,EG,1651418419
486,sao joao dos patos,-6.495,-43.7022,86.99,46,16,7.7,BR,1651418419
487,wanning,18.8003,110.3967,71.22,93,100,14.99,CN,1651418420
488,boromo,11.75,-2.9333,103.51,20,90,5.77,BF,1651418420
489,roma,43.2128,-75.4557,61.25,32,0,13.8,US,1651418403
490,collipulli,-37.95,-72.4333,50.27,70,100,7.47,CL,1651418421
491,dinguiraye,11.3,-10.7167,99.97,24,80,2.66,GN,1651418421
492,orcopampa,-15.2661,-72.3417,54.75,38,6,0.65,PE,1651418422
493,chernyshevskiy,63.0128,112.4714,15.75,83,7,6.13,RU,1651418422
494,grand gaube,-20.0064,57.6608,76.37,79,7,1.99,MU,1651418423
495,cruzeiro do sul,-29.5128,-51.9853,66.78,89,100,1.05,BR,1651418423
496,havoysund,70.9963,24.6622,32.23,64,96,9.44,NO,1651418424
497,priargunsk,50.3691,119.1012,44.06,41,46,8.1,RU,1651418424
498,say,13.1007,2.3689,108.16,10,49,5.01,NE,1651418425
499,wattegama,6.7989,81.4808,77.94,88,100,4.43,LK,1651418425
500,nouadhibou,20.931,-17.0347,66.0,86,0,20.51,MR,1651417848
501,sioux lookout,50.1001,-91.917,37.47,93,100,6.91,CA,1651418426
502,pyay,18.8167,95.2167,88.81,51,3,0.78,MM,1651418426
503,elizabethtown,37.694,-85.8591,67.46,48,40,12.66,US,1651418427
504,luganville,-15.5333,167.1667,78.22,83,100,2.19,VU,1651418427
505,naryan-mar,67.6713,53.087,25.65,87,100,11.95,RU,1651418428
506,curvelo,-18.7564,-44.4308,84.34,28,0,5.37,BR,1651418428
507,mokhsogollokh,61.4681,128.9203,31.6,86,82,6.53,RU,1651418429
508,ouesso,1.6136,16.0517,94.28,36,85,1.9,CG,1651418429
509,sabzevar,36.2126,57.6819,70.88,49,75,11.5,IR,1651418429
510,lagoa,39.05,-27.9833,61.5,77,24,0.72,PT,1651418430
511,namatanai,-3.6667,152.4333,79.2,80,67,1.97,PG,1651418431
512,orgita,58.9218,24.45,51.15,49,99,10.02,EE,1651418431
513,mandera,3.9366,41.867,81.21,71,100,3.49,KE,1651418432
514,moranbah,-22.0016,148.0466,67.46,86,9,8.9,AU,1651418432
515,mount isa,-20.7333,139.5,73.17,64,100,10.36,AU,1651418432
516,takikawa,43.5528,141.9064,42.75,95,100,2.71,JP,1651418433
517,ahipara,-35.1667,173.1667,60.04,88,98,5.77,NZ,1651418433
518,torbay,47.6666,-52.7314,49.37,86,75,10.36,CA,1651418268
519,kumluca,36.3703,30.2869,72.75,56,8,5.48,TR,1651418434
520,sadat,25.6833,83.2833,94.95,25,0,8.28,IN,1651418434
521,sucha beskidzka,49.7419,19.5943,60.28,52,95,2.73,PL,1651418435
522,rehoboth,-23.3167,17.0833,80.51,18,0,11.12,NA,1651417874
523,fort frances,48.5999,-93.4003,38.39,67,100,6.91,CA,1651418435
524,codrington,-38.2667,141.9667,55.24,93,35,10.18,AU,1651418436
525,henties bay,-22.116,14.2845,63.81,73,3,8.63,NA,1651418436
526,aquidauana,-20.4711,-55.7872,92.35,30,2,5.17,BR,1651418437
527,aleksandrov gay,50.147,48.5704,52.39,44,26,13.58,RU,1651418437
528,maarianhamina,60.0973,19.9348,51.66,35,0,6.91,AX,1651418438
529,udachnyy,66.4167,112.4,4.44,88,14,4.72,RU,1651418438
530,rawson,-43.3002,-65.1023,50.68,59,96,3.89,AR,1651418439
531,alzamay,55.5562,98.6644,49.51,83,100,6.26,RU,1651418439
532,indramayu,-6.3264,108.32,82.51,73,83,6.91,ID,1651418440
533,robe,-37.1833,139.75,61.68,85,100,11.9,AU,1651418441
534,yatou,37.15,122.3833,51.1,37,46,3.49,CN,1651418441
535,thalgau,47.8333,13.25,54.03,90,75,5.75,AT,1651418441
536,shujalpur,23.4,76.7167,98.96,16,41,8.68,IN,1651418442
537,chamrajnagar,11.9167,76.95,76.08,68,98,7.36,IN,1651418442
538,tacoronte,28.4769,-16.4102,68.5,58,20,9.22,ES,1651418443
539,am timan,11.0297,20.2827,106.3,13,96,6.71,TD,1651418443
540,anadyr,64.75,177.4833,16.3,86,0,2.24,RU,1651418444
541,vestmannaeyjar,63.4427,-20.2734,49.19,76,40,18.41,IS,1651418445
542,otautau,-46.15,168.0,52.45,98,21,3.04,NZ,1651418445
543,kousseri,12.0769,15.0306,107.67,13,47,5.59,CM,1651418446
544,kayerkan,69.3497,87.7602,17.53,85,100,14.27,RU,1651417868
545,kulhudhuffushi,6.6221,73.07,85.89,74,20,15.35,MV,1651418446
546,zyryanka,65.75,150.85,28.29,91,97,8.01,RU,1651417872
547,novobirilyussy,56.9514,90.6661,38.39,77,100,8.68,RU,1651418447
548,noyabrsk,63.1994,75.4507,27.66,82,5,9.75,RU,1651418448
549,charters towers,-20.1,146.2667,68.31,86,15,6.11,AU,1651418448
550,walvis bay,-22.9575,14.5053,59.09,56,13,13.11,NA,1651418448
551,desaguadero,-16.5656,-69.0417,52.27,53,2,4.36,PE,1651418449
552,pontecagnano,40.6425,14.8735,68.23,68,0,6.91,IT,1651418449
553,laurel,39.0993,-76.8483,61.18,69,100,4.61,US,1651418214
554,batemans bay,-35.7167,150.1833,56.1,82,12,3.94,AU,1651418450
555,mumford,5.2618,-0.759,84.67,70,93,13.06,GH,1651418450
556,derzhavinsk,51.1,66.3167,57.13,54,88,11.63,KZ,1651418451
557,mackay,-21.15,149.2,69.78,94,40,6.91,AU,1651418452
558,lumby,50.2498,-118.969,44.87,82,6,5.75,CA,1651418452
559,toora-khem,52.4675,96.11,52.92,42,19,2.37,RU,1651418453
560,opuwo,-18.0607,13.84,84.85,23,24,7.99,NA,1651418453
561,babati,-4.2167,35.75,69.01,78,80,3.58,TZ,1651418453
562,manggar,-2.8833,108.2667,81.97,79,84,5.19,ID,1651418454
563,bintulu,3.1667,113.0333,79.21,94,20,0.0,MY,1651418454
564,arlit,18.7369,7.3853,105.46,7,34,17.56,NE,1651418455
565,praia,14.9215,-23.5087,84.74,45,20,18.41,CV,1651417864
566,qazigund,33.6333,75.15,65.35,53,0,2.53,IN,1651418455
567,saint-francois,46.4154,3.9054,63.84,45,0,9.22,FR,1651418268
568,inhambane,-23.865,35.3833,74.98,65,47,12.64,MZ,1651418456
569,kikuyu,-1.2458,36.6633,70.23,73,93,9.93,KE,1651418456
570,rapu-rapu,13.1866,124.1256,82.33,78,100,11.5,PH,1651418457
571,chiredzi,-21.05,31.6667,69.62,65,100,1.95,ZW,1651418457
572,acucena,-19.0731,-42.5464,79.32,49,16,4.9,BR,1651418458
573,faya,18.3851,42.4509,72.12,45,34,7.16,SA,1651418458
574,mayor pablo lagerenza,-19.9309,-60.7718,90.23,38,0,8.05,PY,1651418459
575,santa maria,-29.6842,-53.8069,60.06,98,100,2.57,BR,1651418301
576,harper,4.375,-7.7169,84.56,73,99,6.49,LR,1651418459
577,kamaishi,39.2667,141.8833,46.11,95,100,3.6,JP,1651418460
578,tazovskiy,67.4667,78.7,18.91,93,58,9.51,RU,1651418460
579,trinidad,-14.8333,-64.9,87.78,66,75,6.91,BO,1651418461
